Year,pnb
2006,15173
2007,15984
2008,16623
2009,16960
2010,17233
2011,17762
2012,18618
2013,19188.2612
2014,19462.50418
2015,20039.54818
2016,20543.56862
2017,20764.98082
2018,21169.30976
2019,22157.75838
2020,22608.01691
2021,23611.78722
2022,24045